{
  "intercept": -1.2594324782480149,
  "coefficients": {
    "GRE Score": 0.00173741157101406,
    "TOEFL Score": 0.0029195768169251284,
    "University Rating": 0.005716658134921053,
    "SOP": -0.003305169045066326,
    "LOR ": 0.022353127328359406,
    "CGPA": 0.11893945359703179,
    "Research": 0.024525106295323527
  }
}